name,wmc,dit,noc,cbo,rfc,lcom,ca,ce,npm,lcom3,loc,dam,moa,mfa,cam,ic,cbm,amc,max_cc,avg_cc,bug
org.apache.ivy.core.IvyPatternHelper,14,3,0,10,37,33,5,3,4,1.0188219,406,1.0,7,0.0,0.3794761,0,4,56.085336,12,0.877503,0
org.apache.ivy.plugins.lock.AbstractLockStrategy,50,1,0,5,16,20,26,1,15,0.7396012,152,1.0,0,0.9158654,0.9191402,2,2,9.020658,1,1.382054,0
org.apache.ivy.plugins.circular.ErrorCircularDependencyStrategy,3,1,0,10,148,457,58,2,3,1.9337235,26,1.0,0,0.7694413,0.6699106,0,0,56.51396,3,0.943911,0
org.apache.ivy.core.settings.IvyVariableContainer,8,1,0,9,33,22,21,1,3,0.969997,420,1.0,0,0.8809609,0.7034128,0,0,5.956551,16,1.88337,0
org.apache.ivy.plugins.resolver.util.ResourceMDParser,13,1,1,3,10,29,2,3,5,1.0694514,98,0.0,1,0.0,0.5669099,0,0,24.175444,1,0.444921,0
org.apache.ivy.core.module.id.ModuleRevisionId,9,1,0,2,46,128,1,12,11,0.1551625,85,0.0,0,0.7194845,0.5551437,0,0,10.192328,5,1.684256,0
org.apache.ivy.core.sort.CollectionOfModulesToSort,2,1,1,2,15,23,8,2,2,1.8508626,294,1.0,5,0.0,0.7314029,0,0,4.3228,1,0.773475,0
org.apache.ivy.ant.IvyBuildNumber,2,1,1,12,11,108,1,33,17,1.6178085,275,0.0,2,0.0,0.2793218,0,0,14.871818,0,1.561877,0
org.apache.ivy.util.cli.OptionBuilder,18,2,3,27,91,157,2,6,1,1.8281961,391,1.0,0,0.5992675,0.5510188,0,0,18.218044,8,0.921218,1
org.apache.ivy.plugins.parser.xml.UpdateOptions,18,2,0,23,91,43,13,13,9,1.7415045,689,1.0,4,0.0,0.3231779,0,7,58.549688,3,1.171134,1
org.apache.ivy.core.NormalRelativeUrlResolver,8,4,0,3,44,116,3,1,3,1.4178928,750,1.0,0,0.0,0.6087488,0,1,3.194309,1,0.878341,0
org.apache.ivy.plugins.matcher.MatcherHelper,32,1,0,43,60,189,8,35,3,1.7045261,458,1.0,0,0.0,0.671762,3,0,33.967042,5,2.271337,1
org.apache.ivy.ant.IvyDeliver,1,3,2,76,83,12,2,8,5,1.2071017,98,1.0,3,0.0,0.7476684,0,1,34.366447,1,2.359605,0
org.apache.ivy.util.url.AbstractURLHandler,9,1,0,4,27,77,1,9,15,0.9261955,53,0.0,0,0.0,0.3855796,0,0,13.070676,6,4.714072,0
org.apache.ivy.core.resolve.IvyNodeUsage,30,1,0,27,43,103,14,25,3,1.248643,523,1.0,1,0.0,0.6925049,0,0,42.361547,2,0.835467,1
org.apache.ivy.util.ConfigurationUtils,22,1,2,74,16,16,3,3,11,0.7357692,106,1.0,1,0.8277874,0.8631917,1,0,3.89636,1,0.999822,0
org.apache.ivy.tools.analyser.DependencyAnalyser,47,2,0,19,21,30,9,2,2,1.4947425,41,1.0,1,0.6971252,0.6560733,0,0,12.02902,4,0.367138,0
org.apache.ivy.util.MessageLoggerEngine,7,1,1,26,13,110,1,16,3,0.9200329,74,1.0,0,0.0,0.693256,0,0,2.764039,1,0.952664,0
org.apache.ivy.plugins.report.XmlReportParser,13,1,0,16,75,14,11,3,23,1.2990436,254,1.0,2,0.7442067,0.2178092,0,0,5.605381,4,0.906621,0
org.apache.ivy.plugins.resolver.util.ResolvedResource,7,2,1,2,42,59,10,3,2,1.9755703,24,1.0,0,0.0,0.2011553,0,2,4.993945,2,0.838712,0
org.apache.ivy.core.RelativeUrlResolver,4,1,0,8,84,7,1,4,32,1.7126032,118,1.0,0,0.0,0.6473404,0,0,76.108473,3,2.819406,0
org.apache.ivy.plugins.circular.WarnCircularDependencyStrategy,2,4,0,25,28,2,1,9,3,1.5755548,164,1.0,4,0.0,0.4308912,1,1,17.072116,2,0.895734,0
org.apache.ivy.core.cache.CacheDownloadOptions,22,3,2,11,59,43,0,5,30,1.9860074,319,1.0,0,0.5848222,0.644317,0,0,14.628481,2,3.398724,0
org.apache.ivy.util.FileResolver,5,1,0,5,14,12,7,5,2,1.7249673,48,1.0,2,0.8143185,0.61286,0,0,10.631205,3,3.866411,0
org.apache.ivy.core.deliver.DeliverEngineSettings,28,2,1,13,11,6,1,1,4,1.9352083,778,1.0,1,0.0,0.7850578,0,0,18.605781,11,0.337831,0
org.apache.ivy.core.cache.ArtifactOrigin,21,2,0,27,27,27,1,5,3,1.9179203,145,1.0,0,0.4670091,0.8802281,0,0,12.964038,2,0.592971,0
org.apache.ivy.plugins.resolver.VsftpResolver,11,2,0,8,17,2,8,8,6,0.4828621,240,0.0,0,1.0,0.7362944,1,0,7.538739,8,3.296463,2
org.apache.ivy.core.report.DownloadReport,43,3,1,8,33,131,1,8,9,1.0511189,222,1.0,0,0.0,0.7115242,0,0,2.088305,2,1.358176,0
org.apache.ivy.plugins.repository.vsftp.VsftpRepository,2,1,0,3,42,2,2,1,16,0.5550142,71,1.0,1,0.8790126,0.5650814,0,0,51.974183,2,0.978375,0
org.apache.ivy.core.event.retrieve.EndRetrieveEvent,37,1,0,13,72,33,1,21,14,1.6652267,271,1.0,0,0.0,0.4656995,0,0,52.086706,11,1.21213,1
org.apache.ivy.plugins.resolver.IBiblioResolver,47,1,0,17,33,132,14,3,4,0.9993801,89,0.0,0,0.0,0.2357942,1,2,6.308418,4,1.255259,0
org.apache.ivy.plugins.trigger.AbstractTrigger,13,3,1,20,15,14,1,5,13,1.2727626,176,1.0,3,0.9236821,0.1614703,1,0,14.565626,3,3.047049,0
org.apache.ivy.plugins.conflict.RegexpConflictManager,12,2,0,33,61,1,6,0,6,0.2961095,53,0.0,2,0.6892088,0.3357789,2,0,4.2432,6,1.419515,0
org.apache.ivy.core.event.resolve.ResolveEvent,11,1,0,6,15,19,2,7,5,1.2223543,663,1.0,0,0.0,0.454129,0,0,19.063473,1,7.099155,0
org.apache.ivy.core.deliver.DeliverOptions,15,2,1,15,61,114,5,11,2,1.6574025,77,0.0,0,0.0367757,0.4120519,0,0,4.854105,2,0.338034,0
org.apache.ivy.plugins.circular.AbstractCircularDependencyStrategy,9,1,0,59,51,24,14,29,12,1.2254012,286,0.0,0,0.9740336,0.5476658,2,0,14.052938,5,0.96542,1
org.apache.ivy.core.sort.ModuleDescriptorSorter,23,1,1,12,26,70,4,6,4,1.2505542,266,1.0,1,0.906978,0.4241437,4,0,26.665942,1,1.617862,0
org.apache.ivy.core.retrieve.RetrieveEngine,25,1,0,28,39,87,6,7,11,1.6762653,181,0.0,0,0.0,0.7818578,0,0,7.050122,2,0.517272,1
org.apache.ivy.plugins.repository.vfs.VfsRepository,11,2,0,11,119,202,7,5,9,1.6708925,510,1.0,0,0.0,0.1225781,0,0,13.199876,4,1.63694,3
org.apache.ivy.plugins.latest.LatestRevisionStrategy,16,1,1,16,15,226,4,65,3,1.8153573,129,1.0,2,0.0,0.832516,0,0,11.918899,1,0.510044,0
org.apache.ivy.ant.IvyCacheTask,24,5,0,9,43,32,11,2,5,1.433373,328,1.0,2,0.0,0.70096,0,0,17.789706,1,0.338606,0
org.apache.ivy.ant.IvyCachePath,6,6,0,5,38,20,18,4,8,1.0877088,597,1.0,0,0.0,0.6985604,0,3,11.425006,1,0.430415,0
org.apache.ivy.plugins.conflict.LatestCompatibleConflictManager,17,1,6,6,26,459,5,4,4,1.2350706,201,1.0,3,0.0,0.5491629,2,0,85.217154,1,0.200293,0
org.apache.ivy.plugins.parser.xml.XmlModuleDescriptorWriter,3,4,0,11,14,75,2,9,9,0.7578257,151,1.0,0,0.8666043,0.2173644,1,0,7.986406,8,1.723765,0
org.apache.ivy.util.extendable.ExtendableItemHelper,2,3,0,5,18,3,2,4,1,0.4836064,92,0.0,3,0.0,0.4999578,0,2,3.12711,2,0.414975,0
org.apache.ivy.plugins.resolver.FileSystemResolver,3,1,0,11,41,31,3,3,3,1.8268777,343,1.0,5,0.8302698,0.4067032,0,0,135.559644,2,1.724707,0
org.apache.ivy.plugins.parser.m2.PomModuleDescriptorWriter,12,1,1,15,111,34,9,5,12,1.1732342,153,0.0,1,0.0,0.4723666,1,0,25.378654,1,1.24082,0
org.apache.ivy.ant.IvyMakePom,13,4,1,36,18,655,3,3,46,1.7923787,341,0.0,1,0.0,0.6605418,0,6,32.425249,3,0.410317,0
org.apache.ivy.plugins.conflict.FixedConflictManager,14,1,0,20,79,29,6,9,2,0.5797095,293,1.0,0,0.0,0.4359626,0,4,36.237066,5,0.409965,2
org.apache.ivy.core.cache.ModuleDescriptorProvider,15,1,0,2,14,32,7,2,4,1.9017036,114,0.0,3,0.0,0.1870224,2,0,4.754595,1,0.345438,0
org.apache.ivy.util.cli.Option,17,2,0,24,57,34,9,6,6,1.2709218,873,1.0,2,0.5485973,0.807588,0,1,35.535225,6,0.365652,1
org.apache.ivy.plugins.matcher.AnyMatcher,3,3,0,17,26,194,16,4,7,1.2224108,405,1.0,2,0.9694491,0.4553714,0,0,6.434381,4,1.080544,0
org.apache.ivy.plugins.namespace.MRIDRule,5,1,0,21,24,1,2,15,6,1.6186278,133,1.0,0,1.0,0.5317099,0,0,7.693153,1,0.456655,0
org.apache.ivy.util.FileUtil,23,1,0,33,37,4,1,4,5,1.0331316,137,1.0,0,0.0,0.1636975,1,0,23.07307,1,0.667266,0
org.apache.ivy.plugins.resolver.AbstractSshBasedResolver,13,2,0,8,56,92,4,9,4,0.8531273,829,1.0,0,0.0,0.6729902,0,0,23.452669,2,0.671724,1
org.apache.ivy.plugins.repository.vsftp.VsftpResource,8,1,0,17,12,18,23,7,4,1.9343315,394,1.0,1,0.0,0.5247045,0,0,3.991178,3,0.852385,0
org.apache.ivy.core.module.descriptor.DefaultDependencyArtifactDescriptor,7,2,0,25,53,122,6,7,3,1.3431554,73,0.0,3,0.8962629,0.6145871,0,0,8.200883,1,0.779843,0
org.apache.ivy.plugins.conflict.StrictConflictException,16,3,1,13,60,638,30,2,2,1.4552554,391,0.0,2,0.8664046,0.4660629,0,0,24.149516,2,5.251414,1
org.apache.ivy.ant.IvyReport,5,2,0,12,17,121,7,19,3,0.5988601,59,1.0,3,0.7706799,0.4875774,0,0,10.807811,0,0.244653,0
org.apache.ivy.plugins.repository.file.FileResource,13,1,0,6,14,9,10,2,2,0.4680262,496,0.0,0,0.0,0.653202,0,0,15.436802,2,0.628852,0
org.apache.ivy.core.module.descriptor.DefaultModuleDescriptor,12,3,0,10,123,7,54,3,56,0.6267265,488,0.0,1,0.8720299,0.4225709,2,0,18.996978,3,0.377521,1
org.apache.ivy.plugins.parser.xml.XmlModuleDescriptorParser,13,3,0,31,60,9,3,5,5,1.8922291,164,1.0,3,0.8280903,0.5936392,0,3,14.17391,6,2.514586,2
org.apache.ivy.core.event.IvyEvent,5,1,0,9,10,59,15,1,15,0.6982051,35,0.0,1,0.0,0.1594513,0,1,8.229986,6,0.967612,0
org.apache.ivy.plugins.latest.AbstractLatestStrategy,8,1,0,17,15,284,29,2,13,0.5658536,137,1.0,0,0.0,0.6898553,3,0,2.836824,4,3.195532,0
org.apache.ivy.util.filter.FilterHelper,8,2,0,26,12,250,9,8,10,1.2269222,146,1.0,0,0.894358,0.3265016,0,0,16.008355,3,0.680223,0
org.apache.ivy.core.module.descriptor.Artifact,3,1,0,21,84,5,1,2,3,1.8281638,179,0.0,2,0.0,0.7468306,0,0,46.630505,5,1.083423,0
org.apache.ivy.plugins.resolver.SshResolver,2,3,0,53,44,243,3,6,8,1.8776752,540,1.0,1,0.6009125,0.6178333,0,1,34.841989,2,1.804715,0
org.apache.ivy.plugins.repository.file.FileRepository,42,2,0,27,204,439,12,10,1,1.0192321,164,0.0,3,0.0,0.8497088,0,0,5.638297,3,0.198439,3
org.apache.ivy.core.resolve.ResolveData,8,1,0,62,19,22,2,2,5,1.7186092,788,0.0,1,0.4772077,0.2882751,0,0,10.151095,1,0.740298,0
org.apache.ivy.core.module.descriptor.ModuleDescriptor,8,1,0,14,60,337,22,2,29,1.8089002,534,1.0,1,0.0,0.7627859,1,2,7.738813,2,1.498867,0
org.apache.ivy.plugins.parser.ModuleDescriptorParserRegistry,5,1,1,9,11,4,0,11,7,1.4475043,284,0.0,0,0.8030666,0.5880235,1,0,0.839734,8,4.358064,0
org.apache.ivy.ant.IvyRepositoryReport,6,1,0,15,44,33,18,5,2,0.1840845,252,0.0,0,0.0,0.5457764,2,0,3.914756,3,1.248126,0
org.apache.ivy.util.MessageLoggerHelper,2,1,0,3,8,25,1,43,1,0.3759946,83,0.0,0,0.9372461,0.3380547,0,0,50.552437,1,0.806333,0
org.apache.ivy.ant.IvyInfo,5,2,1,32,91,16,1,4,2,1.4090152,158,1.0,3,0.4771567,0.8534995,0,0,13.818448,1,0.650946,0
org.apache.ivy.core.install.InstallEngine,4,1,0,12,28,70,2,5,14,1.5431469,476,1.0,0,0.2961512,0.773063,0,0,13.507328,4,1.919034,0
org.apache.ivy.util.extendable.UnmodifiableExtendableItem,14,4,0,27,78,59,31,9,5,1.2441832,874,1.0,3,0.7587524,0.7383499,0,0,15.168958,3,0.742087,1
org.apache.ivy.core.event.publish.PublishEvent,9,2,0,3,95,44,24,2,2,0.254369,420,1.0,1,0.0,0.3493759,3,0,4.095696,2,0.904244,0
org.apache.ivy.plugins.resolver.util.ResolverHelper,7,1,0,15,19,168,1,7,20,1.4488279,149,0.0,0,0.6218195,0.7314858,0,0,26.093562,6,0.780634,0
org.apache.ivy.plugins.repository.LazyResource,5,1,0,18,16,42,6,45,17,1.3744727,335,1.0,0,0.0,0.753115,0,1,34.56508,2,0.382187,0
org.apache.ivy.util.AbstractMessageLogger,3,1,0,27,34,110,4,5,4,1.7637847,582,1.0,2,0.0,0.9000194,0,1,7.781923,3,0.858295,0
org.apache.ivy.core.sort.SortEngine,7,3,0,40,24,41,1,13,4,1.8993754,179,1.0,0,0.0,0.833282,1,0,19.673017,1,0.439191,0
org.apache.ivy.core.module.id.ArtifactRevisionId,11,1,1,6,40,52,8,7,36,1.6194416,126,1.0,2,0.4209609,0.3765346,0,2,6.132898,0,1.229407,0
org.apache.ivy.plugins.repository.ssh.Scp,53,1,1,9,18,29,9,17,5,0.5877726,274,1.0,1,0.0,0.708849,4,4,9.105693,17,1.44535,0
org.apache.ivy.util.PropertiesFile,8,3,0,9,29,40,7,40,10,1.4462935,136,0.0,0,0.6205274,0.2337929,1,0,11.323602,1,1.212649,0
org.apache.ivy.core.cache.ModuleDescriptorMemoryCache,10,1,1,5,10,3,2,2,10,0.4155012,143,1.0,2,0.0,0.3359262,1,0,6.644691,1,2.559574,0
org.apache.ivy.plugins.version.VersionMatcher,30,2,2,57,35,57,3,9,57,1.814703,636,1.0,1,0.0,0.6454468,2,0,44.253552,4,0.510329,2
org.apache.ivy.util.filter.NoFilter,15,2,0,13,69,77,35,20,1,1.9331318,380,1.0,2,0.0,0.4519669,0,5,117.671912,21,2.242573,1
org.apache.ivy.core.cache.CacheMetadataOptions,5,2,1,9,41,1454,39,1,6,1.3184161,163,1.0,1,0.0,0.7151287,0,4,6.216217,1,2.856839,0
org.apache.ivy.plugins.resolver.ResolverSettings,7,2,0,18,44,23,1,31,9,1.0738022,453,1.0,0,0.7301588,0.7002111,0,1,7.554755,4,0.952537,2
org.apache.ivy.plugins.repository.TransferListener,4,2,0,17,30,80,3,3,7,1.9912872,78,0.0,0,0.0,0.7719122,0,0,3.057047,2,0.451297,0
org.apache.ivy.plugins.parser.ModuleDescriptorParser,28,3,0,12,22,113,1,3,18,0.1760344,207,1.0,1,0.0,0.6771362,0,0,6.22001,2,0.970123,0
org.apache.ivy.core.check.CheckEngine,15,1,0,10,68,9,9,7,4,1.5531956,343,1.0,1,0.0,0.4962591,1,0,121.229015,2,0.302638,0
org.apache.ivy.plugins.repository.url.URLRepository,29,1,0,15,82,167,2,20,1,0.3598866,416,1.0,2,0.0,0.8344217,2,0,21.161517,9,1.095368,1
org.apache.ivy.core.resolve.ResolveProcessException,1,1,0,10,19,137,4,34,5,1.8965381,952,1.0,0,0.0,0.3947314,0,0,6.669282,0,2.287902,0
org.apache.ivy.plugins.circular.CircularDependencyHelper,12,2,0,56,18,5,28,2,5,0.6613621,117,1.0,0,0.0,0.7426196,0,0,4.702478,1,3.907222,0
org.apache.ivy.util.ChecksumHelper,10,5,0,8,9,0,3,1,6,1.5418531,139,0.0,0,0.6736546,0.7643735,0,3,14.855819,12,0.321677,0
org.apache.ivy.util.cli.CommandLine,12,5,0,12,31,260,7,16,5,1.9181183,570,0.0,0,0.0,0.5008414,0,0,10.569757,2,0.435542,1
org.apache.ivy.plugins.resolver.util.FileURLLister,3,1,0,17,9,31,37,10,2,1.8452846,499,0.0,0,0.630529,0.5540853,3,0,47.269201,3,1.655626,0
org.apache.ivy.core.sort.SimpleSortEngineSettings,19,2,1,4,19,98,2,10,3,0.4636417,162,0.0,5,0.0,0.419567,1,0,9.501194,2,4.152511,0
org.apache.ivy.util.HostUtil,19,1,0,3,23,33,17,6,5,0.8602981,282,1.0,2,0.4074757,0.3657253,2,0,7.571848,1,0.251127,0
org.apache.ivy.core.search.OrganisationEntry,4,4,0,16,22,11,4,1,4,0.9634195,83,1.0,0,0.7565229,0.5812529,0,4,6.947522,5,1.942137,0
org.apache.ivy.plugins.version.SubVersionMatcher,5,1,0,6,20,51,2,2,15,1.8096806,107,1.0,2,0.0,0.6725985,0,0,85.517577,1,2.317583,0
org.apache.ivy.plugins.resolver.SFTPResolver,11,1,0,11,19,64,4,2,2,1.9935362,203,1.0,0,0.7334375,0.8906972,1,4,5.301753,4,0.680606,0
org.apache.ivy.core.install.InstallEngineSettings,21,2,0,8,60,12,14,0,1,1.5196149,527,0.0,3,0.0,0.8306205,0,4,9.676858,4,0.563921,0
org.apache.ivy.core.module.status.Status,11,2,0,22,221,88,19,15,3,1.8215987,597,1.0,0,0.0,0.7859082,2,0,22.398231,7,0.295924,1
org.apache.ivy.tools.analyser.JarModuleFinder,3,1,0,3,4,9,5,7,6,0.868287,1381,1.0,4,0.6199483,0.8209599,0,0,19.432196,3,2.294001,0
org.apache.ivy.core.event.download.StartArtifactDownloadEvent,11,1,0,31,26,250,4,3,2,0.6717329,88,0.0,2,0.0,0.6892501,0,0,5.716188,5,1.864309,0
org.apache.ivy.core.event.retrieve.StartRetrieveEvent,14,2,0,7,21,55,1,1,10,0.7784329,247,0.0,3,0.0,0.4127231,0,1,3.167201,0,1.435373,0
org.apache.ivy.ant.IvyResolve,7,2,0,1,22,17,3,41,4,1.3974215,1822,0.0,2,0.3292212,0.6349644,0,0,24.521431,3,0.843794,0
org.apache.ivy.plugins.resolver.DualResolver,3,1,0,12,37,9,2,1,5,1.8646593,75,0.0,1,0.5442407,0.8525187,1,4,37.744462,14,5.872517,0
org.apache.ivy.plugins.resolver.packager.PackagerCacheEntry,3,1,2,15,27,86,0,5,7,0.8153206,156,1.0,0,1.0,0.562014,0,0,20.802079,1,2.504863,0
org.apache.ivy.core.event.download.PrepareDownloadEvent,18,1,0,20,69,20,25,21,8,0.4010831,290,1.0,0,0.7763151,0.6100558,0,0,8.931674,1,2.96897,2
org.apache.ivy.plugins.matcher.AbstractPatternMatcher,8,2,0,9,36,7,121,2,5,0.8213804,216,0.0,0,0.0,0.8468705,0,1,3.213934,3,0.892412,0
org.apache.ivy.plugins.resolver.URLResolver,3,2,1,15,14,10,4,1,14,0.8073231,347,0.0,0,0.9447441,0.3390648,2,0,6.622904,3,0.339978,0
org.apache.ivy.plugins.resolver.packager.BuiltFileResource,29,4,0,55,48,30,43,9,79,0.2605816,1380,0.0,3,0.0,0.5004704,0,0,25.253284,8,0.424452,1
org.apache.ivy.Ivy14,13,2,0,35,26,59,1,3,3,1.4330867,1072,1.0,0,0.0,0.4521064,3,0,15.710562,1,0.600545,2
org.apache.ivy.ant.IvyInstall,225,1,0,5,9,13,6,0,5,1.3789248,137,0.0,0,0.9386519,0.3524192,0,4,7.03563,1,2.711474,0
org.apache.ivy.ant.IvyAntVariableContainer,14,1,0,23,17,124,2,4,4,1.0563776,129,0.0,1,0.0,0.6709797,0,2,5.375554,4,0.812168,0
org.apache.ivy.util.MemoryUtil,9,1,0,31,24,6,21,2,11,1.0331495,304,0.0,2,0.0,0.6560993,3,0,12.944922,2,0.363052,0
org.apache.ivy.core.event.IvyEventFilter,37,1,0,58,45,30,11,32,2,1.7592605,380,0.0,0,0.0,0.3743458,0,0,27.6873,5,3.417325,1
org.apache.ivy.plugins.resolver.BasicResolver,15,2,0,13,40,387,16,21,1,1.7643549,369,1.0,0,0.0,0.85351,0,6,20.53643,8,3.032358,2
org.apache.ivy.plugins.parser.m2.DefaultPomDependencyMgt,32,2,0,21,97,18,2,8,43,0.5844422,491,0.0,4,0.0,0.7182583,0,0,4.177612,1,0.483051,0
org.apache.ivy.core.module.status.StatusManager,25,1,0,6,151,44,11,3,13,1.2705045,542,0.0,0,0.7369325,0.9451711,0,0,40.540364,3,2.279666,1
org.apache.ivy.plugins.latest.LatestLexicographicStrategy,11,2,0,11,67,163,3,14,5,1.4160083,42,1.0,0,0.0,0.3497171,3,0,2.835762,1,4.0464,0
org.apache.ivy.plugins.resolver.ChainResolver,5,1,0,4,50,378,3,4,4,0.9739182,100,1.0,0,0.0,0.8074062,0,0,20.953182,9,2.775558,0
org.apache.ivy.core.settings.Validatable,2,3,0,3,22,127,3,25,10,0.451109,103,1.0,0,0.0,0.3924684,0,3,26.48512,2,0.914934,0
org.apache.ivy.plugins.resolver.VfsResolver,6,1,0,16,11,2,10,5,3,1.8363788,145,1.0,0,0.0,0.6161906,2,0,1.372243,1,3.209406,0
org.apache.ivy.plugins.version.AbstractVersionMatcher,6,1,0,26,68,44,2,1,15,1.9453747,125,1.0,0,0.0,0.4655522,0,1,10.92334,3,0.845823,0
org.apache.ivy.plugins.repository.ssh.AbstractSshBasedRepository,7,1,0,86,8,80,0,0,3,1.5228494,83,1.0,0,0.688907,0.8371331,0,0,3.5447,6,0.336208,0
org.apache.ivy.core.module.descriptor.License,3,1,0,48,44,383,3,1,4,1.8057941,797,1.0,2,0.0,0.7512333,0,0,26.562071,1,1.096634,0
org.apache.ivy.util.Configurator,23,2,0,3,39,26,1,5,9,1.5941622,80,1.0,3,0.964255,0.9319163,1,0,7.709891,0,3.119024,0
org.apache.ivy.core.module.descriptor.DefaultExcludeRule,8,1,0,8,77,19,6,9,2,0.9759587,249,0.0,0,0.0,0.4297042,0,0,10.270513,10,1.170269,0
org.apache.ivy.plugins.repository.TransferEvent,29,1,2,35,34,252,2,3,3,0.4982984,182,1.0,2,0.0,0.5068853,2,0,12.617831,2,1.054236,0
org.apache.ivy.plugins.repository.AbstractRepository,61,1,0,37,40,115,4,9,10,0.2211162,662,1.0,1,0.0,0.3689184,0,0,33.096479,7,0.763104,1
org.apache.ivy.plugins.resolver.RepositoryResolver,18,6,1,28,69,168,125,8,25,0.5003444,510,1.0,3,0.0,0.2060865,2,3,12.571676,9,2.050133,2
org.apache.ivy.plugins.repository.ssh.SshRepository,5,1,0,18,32,3,24,11,4,1.8821715,131,0.0,0,0.0,0.4621731,1,6,4.760859,2,0.902182,0
org.apache.ivy.plugins.version.ChainVersionMatcher,2,1,0,12,19,12,15,9,3,1.8548326,24,0.0,0,0.0,0.6301383,0,0,3.034917,20,2.267042,0
org.apache.ivy.plugins.version.VersionRangeMatcher,14,1,0,7,22,9,1,3,8,0.3511073,56,0.0,1,0.0,0.6914466,0,0,20.980998,0,1.181388,0
org.apache.ivy.util.CopyProgressListener,24,1,0,40,108,79,11,22,3,0.984662,410,0.0,2,0.0,0.7758408,0,0,34.855756,12,3.07847,1
org.apache.ivy.ant.IvyPostResolveTask,50,1,2,38,23,73,10,2,9,0.6500666,142,1.0,0,0.0,0.5026734,0,0,2.571724,3,1.444513,0
org.apache.ivy.util.filter.Filter,15,1,1,14,176,74,12,9,5,1.9948845,664,1.0,5,0.0,0.4275736,0,0,9.487818,7,0.796628,1
org.apache.ivy.core.event.download.NeedArtifactEvent,21,2,0,65,22,8,12,58,32,0.9908437,73,1.0,3,0.0,0.9467235,0,1,20.491913,2,0.750098,0
org.apache.ivy.plugins.namespace.Namespace,20,1,0,2,8,20,4,4,16,1.1345909,127,1.0,0,0.0,0.7501129,3,0,52.647174,2,0.53891,0
org.apache.ivy.plugins.matcher.GlobPatternMatcher,4,1,0,35,19,51,1,1,6,1.7283386,795,1.0,1,0.0,0.4457059,2,0,2.61352,3,0.859354,0
org.apache.ivy.core.check.CheckEngineSettings,17,1,1,61,57,339,7,7,2,1.2133444,217,0.0,0,0.0,0.5576973,2,4,19.207041,7,0.387509,3
org.apache.ivy.core.publish.PublishOptions,5,1,0,27,96,70,15,3,18,0.9257894,141,1.0,4,0.8294002,0.7668706,0,1,15.143168,9,1.163975,0
org.apache.ivy.core.cache.ResolutionCacheManager,2,1,0,14,41,145,17,8,10,1.9220136,184,0.0,1,0.9777455,0.4364739,0,0,8.212755,6,0.54684,0
org.apache.ivy.plugins.trigger.LogTrigger,26,1,1,37,55,86,4,4,13,0.3632324,203,0.0,3,0.0,0.6975621,0,0,55.443012,5,4.646206,1
org.apache.ivy.plugins.parser.ParserSettings,13,1,0,1,42,7,27,1,17,0.9858748,298,0.0,0,0.0,0.3191411,0,1,14.823292,2,1.351773,0
org.apache.ivy.util.cli.ParseException,28,1,0,53,41,63,7,5,1,1.8370027,305,1.0,2,0.0,0.5948451,0,5,5.723868,2,1.75529,0
org.apache.ivy.core.settings.IvyPattern,19,1,2,24,28,23,1,2,16,0.6534062,405,1.0,1,0.0,0.2880622,0,0,72.376794,3,1.264061,0
org.apache.ivy.ant.PackageMapping,6,1,0,13,14,48,1,5,5,1.9698133,104,0.0,3,0.9388551,0.371515,1,0,11.553984,1,0.664376,0
org.apache.ivy.core.resolve.ResolvedModuleRevision,21,3,1,4,38,21,6,7,1,0.780711,399,0.0,0,0.8678392,0.421647,1,0,31.606327,2,1.097194,1
org.apache.ivy.plugins.namespace.NamespaceRule,35,1,0,5,26,578,2,1,2,0.2682592,123,1.0,0,0.0,0.6919994,2,0,13.24582,5,1.581826,0
org.apache.ivy.core.module.descriptor.ConfigurationAware,27,1,1,49,129,68,36,14,3,1.9824276,339,1.0,0,0.0,0.596843,0,1,14.615465,11,0.763717,3
org.apache.ivy.plugins.repository.url.URLResource,9,2,0,11,31,187,1,4,8,1.9483308,456,1.0,3,0.4529591,0.4819203,0,0,13.098173,2,2.389233,2
org.apache.ivy.core.module.descriptor.Configuration,1,1,0,10,22,4,17,1,10,0.8310905,271,0.0,6,0.0,0.5871036,0,0,9.820614,4,0.92647,0
org.apache.ivy.core.report.ResolveReport,8,1,0,20,34,29,1,3,1,1.4607588,146,1.0,0,0.0,0.3912261,0,6,5.458723,2,0.688151,0
org.apache.ivy.core.sort.WarningNonMatchingVersionReporter,5,1,0,159,22,30,22,14,1,0.8834479,179,1.0,0,0.9183754,0.9315165,0,0,3.445202,1,1.669507,0
org.apache.ivy.core.sort.ModuleInSort,3,3,2,3,12,116,1,0,5,0.4807938,356,1.0,1,0.9164477,0.6865717,0,0,20.062259,0,0.512782,0
org.apache.ivy.plugins.parser.m2.PomModuleDescriptorParser,20,1,1,11,20,36,1,8,1,1.1160104,137,0.0,1,0.0,0.7949256,4,0,46.766287,1,1.271212,0
org.apache.ivy.plugins.version.Match,15,1,0,13,8,11,6,1,10,1.1540556,167,1.0,5,0.0,0.6091919,1,0,5.332455,11,1.081924,0
org.apache.ivy.core.module.descriptor.DependencyDescriptorMediator,15,1,0,5,15,34,10,4,2,1.0634895,222,1.0,1,0.7435133,0.5378849,0,6,27.501889,4,1.333597,0
org.apache.ivy.plugins.resolver.DependencyResolver,6,1,1,41,50,227,1,3,18,1.5002835,163,0.0,1,0.4673326,0.6227105,0,2,12.861107,3,0.316791,0
org.apache.ivy.core.retrieve.RetrieveOptions,12,1,0,17,31,3743,8,8,3,0.6845319,212,0.0,2,0.0,0.5887222,4,4,7.082408,2,1.665768,0
org.apache.ivy.core.module.descriptor.AbstractArtifact,4,2,0,9,51,75,12,37,10,1.6310121,151,1.0,0,0.0,0.481561,0,1,11.578633,13,0.71828,0
org.apache.ivy.core.module.descriptor.DefaultArtifact,35,2,0,3,7,49,16,15,4,1.2503391,38,0.0,2,0.0,0.7992641,1,0,17.699377,7,0.47067,0
org.apache.ivy.plugins.repository.ResourceHelper,10,1,0,26,15,60,10,15,18,0.6356401,255,1.0,0,0.0,0.954444,1,0,6.86848,4,1.370317,0
org.apache.ivy.core.settings.IvySettings,10,1,0,5,48,25,13,10,12,0.9844866,108,1.0,1,0.0,0.5707264,0,1,10.931004,13,1.49468,0
org.apache.ivy.core.module.id.ModuleId,3,1,0,13,19,88,4,7,11,1.6694821,169,0.0,1,0.0,0.7758683,0,4,1.542129,3,1.941974,0
org.apache.ivy.util.url.URLHandlerRegistry,2,1,0,16,10,20,16,12,58,0.3876357,817,0.0,0,0.0,0.8674462,3,3,138.164259,3,0.525868,0
org.apache.ivy.core.module.descriptor.DependencyArtifactDescriptor,17,2,0,5,60,4,31,18,2,1.623068,195,0.0,2,0.0,0.1989283,0,0,2.168779,3,0.357166,0
org.apache.ivy.util.filter.NotFilter,13,2,0,20,43,129,10,17,3,1.4216846,1002,1.0,0,0.0,0.6975428,0,4,52.670392,9,1.260801,1
org.apache.ivy.core.module.descriptor.DependencyDescriptor,13,1,1,32,63,20,12,11,5,1.9945498,421,1.0,4,0.8789688,0.4820312,0,0,12.961795,8,1.823386,1
org.apache.ivy.core.search.RevisionEntry,3,1,0,37,32,124,41,5,2,1.9557983,226,1.0,4,0.0,0.7275863,0,0,23.393092,8,0.5788,0
org.apache.ivy.core.sort.SortOptions,3,2,0,12,115,54,17,17,27,0.5271273,460,1.0,0,0.9626084,0.3239201,0,0,8.805573,2,0.887551,0
org.apache.ivy.core.install.InstallOptions,25,2,3,38,69,138,149,3,11,1.8695832,453,0.0,1,0.0,0.3399451,1,2,49.746833,6,1.187308,1
org.apache.ivy.ant.IvyTask,39,1,0,22,23,11,35,2,3,0.0703696,163,0.0,0,0.0,0.3897297,0,0,55.23681,1,0.88699,0
org.apache.ivy.core.cache.DefaultResolutionCacheManager,14,4,0,8,74,945,11,1,4,0.4985903,104,1.0,1,0.0,0.1152023,0,0,6.757293,7,0.632089,0
org.apache.ivy.core.sort.MessageBasedNonMatchingVersionReporter,75,1,0,6,37,15,10,6,6,1.8343132,314,1.0,3,0.0,0.3820889,0,2,35.510893,1,0.689629,0
org.apache.ivy.plugins.repository.Resource,10,1,0,4,49,22,2,6,4,1.2148718,189,1.0,4,0.4017108,0.7405251,0,0,29.140897,5,3.063632,0
org.apache.ivy.plugins.conflict.LatestConflictManager,8,2,0,8,64,120,0,28,3,0.9874579,222,0.0,0,0.0,0.6640166,2,0,42.135782,1,4.639594,0
org.apache.ivy.plugins.resolver.IvyRepResolver,10,2,0,20,71,4,3,6,4,1.61903,1083,0.0,0,0.0,0.2310057,0,0,22.136191,2,0.563081,0
org.apache.ivy.plugins.trigger.Trigger,8,2,0,9,12,87,2,9,5,0.8870571,117,1.0,2,0.7853071,0.6717876,0,0,17.028263,1,0.69255,0
org.apache.ivy.util.DefaultMessageLogger,19,6,0,22,37,197,9,6,14,1.3275995,560,1.0,2,0.3137437,0.5234277,0,0,21.743539,2,0.452076,0
org.apache.ivy.plugins.resolver.util.URLLister,57,1,0,7,61,24,1,2,8,1.0936379,71,1.0,0,0.0,0.7447157,3,0,2.34859,1,0.325321,0
org.apache.ivy.core.deliver.DeliverEngine,8,1,0,3,79,15,6,3,3,0.377346,223,0.0,0,0.0,0.4507797,0,0,7.59527,4,0.451216,0
org.apache.ivy.core.report.DownloadStatus,87,2,0,12,24,7,3,4,4,1.222813,217,1.0,1,0.0,0.4970769,2,2,113.278233,7,2.502659,0
org.apache.ivy.core.cache.RepositoryCacheManager,2,1,0,5,38,4,30,2,43,1.1369873,377,0.0,0,0.4525036,0.7764514,0,0,2.994253,16,0.705181,0
org.apache.ivy.util.cli.CommandLineParser,2,2,0,91,8,2,1,2,13,0.961303,52,1.0,0,0.9990676,0.5049894,0,0,14.356686,10,0.747584,0
org.apache.ivy.ant.IvyArtifactReport,6,1,0,52,30,48,7,2,12,1.8330145,192,1.0,0,0.4390101,0.5060671,0,0,10.390718,3,0.888542,0
org.apache.ivy.core.resolve.VisitData,15,2,2,5,4,77,1,0,4,1.5726562,316,1.0,0,0.6331982,0.8726147,0,0,23.911677,3,3.117154,0
org.apache.ivy.ant.AntCallTrigger,8,3,1,88,64,6,2,6,11,1.0112632,42,0.0,3,0.0,0.6493746,2,0,6.932239,2,1.216116,0
org.apache.ivy.core.event.resolve.StartResolveEvent,9,1,0,47,45,137,49,3,18,1.9107358,84,1.0,0,0.0,0.6302931,1,0,52.48413,0,1.139256,0
org.apache.ivy.util.filter.OrFilter,31,1,0,9,10,23,3,4,3,1.3573418,63,0.0,0,0.9368283,0.5753838,0,0,3.804518,4,0.678703,0
org.apache.ivy.util.Message,3,3,0,34,76,2,4,28,30,1.8586195,150,0.0,0,0.0,0.7330201,0,0,9.573478,26,1.058519,0
org.apache.ivy.util.MessageLogger,8,1,0,5,56,27,9,3,29,1.4949575,104,1.0,0,0.0,0.3858721,0,0,4.263855,4,0.679278,0
org.apache.ivy.plugins.report.ReportOutputter,7,3,0,24,59,29,3,24,9,1.6704195,72,0.0,0,0.6857017,0.8156209,3,2,19.929694,5,2.619255,2
org.apache.ivy.util.url.BasicURLHandler,23,2,0,5,3,2526,1,4,12,0.6672546,989,1.0,0,0.0,0.2485146,0,0,8.646727,1,2.390809,0
org.apache.ivy.plugins.resolver.CacheResolver,11,1,0,17,17,4,4,5,6,1.5462765,234,0.0,0,0.0,0.7447779,0,0,6.969955,1,0.913112,0
org.apache.ivy.plugins.matcher.ExactOrRegexpPatternMatcher,27,1,0,66,220,108,7,23,28,1.5537485,300,1.0,0,0.0,0.461114,0,0,11.980415,6,2.189174,0
org.apache.ivy.core.ExecutionRelativeUrlResolver,13,1,0,23,19,61,3,21,18,1.4698782,144,1.0,0,0.9558576,0.3622696,0,0,25.357686,9,2.308457,0
org.apache.ivy.util.url.CredentialsStore,11,1,0,42,47,19,18,6,36,1.6034184,125,0.0,0,0.4947001,0.6374895,0,0,16.932395,6,2.148109,0
org.apache.ivy.plugins.repository.BasicResource,6,3,0,15,37,287,1,11,3,1.46329,97,1.0,0,0.0,0.5379109,0,0,19.251635,4,1.859024,0
org.apache.ivy.core.module.descriptor.ExcludeRule,4,2,0,8,3,20,2,11,20,0.6015159,254,0.0,0,0.9913713,0.4411884,0,0,5.551277,4,1.012454,0
org.apache.ivy.util.extendable.ExtendableItem,5,2,0,18,32,12,1,4,6,0.7412181,295,1.0,0,0.0,0.6636749,0,0,9.547503,0,1.202495,0
org.apache.ivy.util.extendable.DefaultExtendableItem,2,2,0,18,54,2,2,5,16,1.1083457,153,0.0,0,0.0,0.712337,1,0,6.24452,3,1.461792,0
org.apache.ivy.plugins.resolver.util.HasLatestStrategy,6,2,0,6,75,680,2,19,8,1.5298302,86,0.0,1,0.0,0.177724,2,0,18.060976,1,0.816453,0
org.apache.ivy.plugins.parser.m2.PomReader,15,1,0,14,25,5,18,1,11,1.1334642,86,0.0,0,0.6786984,0.481273,1,3,42.067381,4,2.08155,0
org.apache.ivy.plugins.repository.vfs.VfsResource,11,2,0,10,41,18,1,9,3,1.6413459,349,1.0,5,0.8136181,0.6218265,0,3,10.494255,2,1.224068,0
org.apache.ivy.plugins.namespace.MRIDTransformationRule,1,1,0,6,4,20,2,5,5,1.1914611,315,1.0,6,0.0,0.4478339,0,3,26.298422,0,2.959716,0
org.apache.ivy.plugins.parser.m2.PomDependencyMgt,6,4,0,15,34,6,10,33,7,0.901402,151,0.0,1,0.0,0.2991848,0,3,6.329695,3,0.523968,0
org.apache.ivy.core.event.publish.StartArtifactPublishEvent,2,2,2,3,17,114,6,3,2,1.3397146,119,1.0,2,0.0,0.3926863,0,0,10.858527,9,0.732006,0
org.apache.ivy.core.settings.IvyVariableContainerImpl,4,1,0,19,129,83,1,6,4,1.4852199,51,1.0,4,0.6311391,0.2977435,3,0,5.119021,2,0.964626,0
org.apache.ivy.plugins.repository.ArtifactResourceResolver,22,1,0,4,32,267,9,6,5,0.2183541,59,1.0,0,0.0,0.2151329,0,0,4.734538,3,3.177103,0
org.apache.ivy.core.resolve.IvyNodeCallers,42,2,0,15,13,28,1,16,4,1.4016633,92,0.0,1,0.4215625,0.3251175,0,0,26.440614,1,1.107888,0
org.apache.ivy.util.CredentialsUtil,8,1,0,18,26,33,10,1,6,0.4321595,243,1.0,4,0.0,0.50084,0,0,12.303597,1,1.23299,0
org.apache.ivy.plugins.matcher.PatternMatcher,14,3,0,122,201,5,3,17,3,0.954095,224,1.0,6,0.0,0.9132479,0,6,86.057584,10,1.2541,0
org.apache.ivy.util.url.URLHandlerDispatcher,17,1,1,13,43,351,20,36,37,1.6519201,338,1.0,1,0.0,0.7333283,0,0,29.429745,4,0.538966,1
org.apache.ivy.core.retrieve.RetrieveEngineSettings,6,1,0,26,19,5,8,12,4,1.0260869,329,1.0,0,0.0,0.7757973,1,0,10.895659,1,0.896024,0
org.apache.ivy.ant.IvyListModules,16,4,0,16,103,85,42,14,9,1.3158729,414,0.0,0,0.8762878,0.9057416,0,0,31.49604,7,1.340828,1
org.apache.ivy.core.resolve.IvyNodeEviction,16,2,0,9,109,5,1,1,7,1.3485251,172,1.0,0,0.9146323,0.1862185,0,0,11.187403,2,1.888,0
org.apache.ivy.plugins.repository.RepositoryCopyProgressListener,8,2,0,7,36,13,1,2,8,1.0201125,282,1.0,2,0.0,0.8955462,2,0,17.220024,5,2.365416,0
org.apache.ivy.ant.IvyConvertPom,8,1,0,17,70,13,5,11,3,1.8692567,190,0.0,4,0.9825795,0.702752,0,0,23.479943,15,0.434055,3
org.apache.ivy.plugins.circular.IgnoreCircularDependencyStrategy,3,1,0,8,10,53,7,12,2,0.2290995,51,0.0,0,0.0,0.2312394,0,0,8.264619,2,1.34871,0
org.apache.ivy.core.event.publish.EndArtifactPublishEvent,6,2,0,2,224,106,36,3,17,1.8430606,51,1.0,0,0.0,0.3295753,0,5,12.878325,1,2.17434,0
org.apache.ivy.core.IvyContext,41,2,0,37,16,69,3,3,8,1.2316599,193,0.0,0,0.9661073,0.3580971,0,2,81.172546,1,1.22355,0
org.apache.ivy.plugins.namespace.NameSpaceHelper,3,1,0,11,51,5,28,7,13,0.2551273,114,1.0,0,0.5167575,0.5446898,2,0,13.451068,10,0.507405,0
org.apache.ivy.ant.IvyCacheFileset,13,2,0,7,25,654,0,1,1,1.0933198,204,0.0,1,0.0,0.6332748,0,0,32.945437,3,0.968143,0
org.apache.ivy.plugins.conflict.StrictConflictManager,6,1,0,4,22,19,1,12,30,1.7481729,61,0.0,0,1.0,0.0917001,0,0,4.935966,1,0.975055,0
org.apache.ivy.plugins.matcher.NoMatcher,15,1,1,5,59,14,12,3,7,0.7767751,552,0.0,0,0.0,0.8368354,0,0,2.414186,2,5.031478,0
org.apache.ivy.plugins.matcher.Matcher,44,1,0,9,47,7,3,11,13,0.2397453,156,0.0,0,0.9193469,0.7310854,0,0,13.815479,8,0.910442,3
org.apache.ivy.ant.IvyRetrieve,5,1,1,21,3,5,5,2,51,0.0881246,298,0.0,0,0.0,0.8926098,0,0,21.844574,2,0.639659,0
org.apache.ivy.core.resolve.RestartResolveProcess,19,1,0,11,39,27,11,1,2,1.6861693,228,0.0,1,0.0,0.3339015,1,0,32.409245,2,0.510161,0
org.apache.ivy.core.resolve.IvyNodeBlacklist,9,1,1,32,53,24,4,24,10,0.7931976,30,0.0,0,0.9081887,0.6769564,0,0,53.535685,4,4.357538,0
org.apache.ivy.util.url.ApacheURLLister,14,1,0,12,20,14,63,1,5,0.2519417,64,0.0,0,0.0,0.6838307,2,0,52.981847,2,0.315749,0
org.apache.ivy.plugins.IvySettingsAware,3,1,0,29,65,68,0,19,2,0.9063148,38,1.0,0,0.0,0.3349295,0,0,23.08107,2,2.345087,0
org.apache.ivy.core.module.descriptor.OverrideDependencyDescriptorMediator,29,1,2,7,21,36,11,5,41,1.5322083,1170,0.0,1,0.0,0.6459308,0,2,3.700062,3,1.576715,0
org.apache.ivy.core.event.download.EndArtifactDownloadEvent,2,1,0,16,148,948,4,9,12,1.6441501,268,1.0,0,0.0,0.8949337,0,4,5.477816,18,0.635052,0
org.apache.ivy.plugins.resolver.AbstractPatternsBasedResolver,2,1,0,9,24,53,4,30,4,0.3521677,171,1.0,1,0.9387833,0.4803763,3,0,55.203417,1,1.712565,0
org.apache.ivy.core.event.resolve.EndResolveDependencyEvent,52,1,0,44,348,34,33,14,1,0.8737615,226,0.0,2,0.0,0.7188475,0,0,24.132024,6,0.833599,3
org.apache.ivy.core.search.ModuleEntry,16,1,0,13,66,21,7,9,3,0.7191241,76,1.0,5,0.0,0.8232099,0,0,16.017468,0,1.442388,0
org.apache.ivy.plugins.repository.ResourceDownloader,10,1,5,37,137,17,4,23,17,1.3216745,597,0.0,4,0.0,0.8803081,0,0,26.36739,1,0.996874,2
org.apache.ivy.ant.AddPathTask,6,3,0,10,16,503,7,14,10,1.4549001,96,0.0,0,1.0,0.5863628,3,0,25.875437,1,0.438356,0
org.apache.ivy.util.url.URLHandler,25,1,0,29,56,153,5,9,11,0.8247764,556,0.0,4,0.2780064,0.8629033,0,0,44.821479,4,1.450919,2
org.apache.ivy.core.module.descriptor.IncludeRule,7,3,0,15,52,10,4,6,2,1.0748939,234,0.0,1,0.0,0.3665247,1,0,7.020093,4,0.518631,0
org.apache.ivy.core.resolve.DownloadOptions,14,2,0,83,27,120,0,2,30,0.7774985,304,0.0,0,0.0,0.84394,0,0,18.145767,4,1.330394,0
org.apache.ivy.core.sort.SortEngineSettings,13,3,0,10,73,417,5,15,4,0.0296806,572,1.0,0,0.658263,0.2642994,0,0,42.016783,4,0.761712,1
org.apache.ivy.core.resolve.VisitNode,40,4,0,11,156,2,2,16,4,1.0533866,108,1.0,3,0.0,0.7032979,0,0,6.279897,5,0.721823,0
org.apache.ivy.plugins.circular.CircularDependencyStrategy,19,2,0,104,24,168,37,35,3,1.2511496,323,0.0,0,0.0,0.7025334,0,0,25.493978,5,0.797675,2
org.apache.ivy.ant.IvyCheck,11,1,0,12,4,15,1,1,13,1.8471478,189,0.0,3,0.8509496,0.6621154,0,0,5.949009,4,0.342337,0
org.apache.ivy.core.event.EventManager,19,3,0,20,45,29,14,3,11,1.1362022,475,1.0,1,0.6533878,0.2754765,3,0,28.079963,6,0.79055,1
org.apache.ivy.plugins.circular.AbstractLogCircularDependencyStrategy,4,2,0,10,20,2,3,9,3,0.1948542,89,1.0,1,0.9064877,0.4812269,0,0,4.987138,3,2.402339,0
org.apache.ivy.util.StringUtils,19,1,0,13,85,89,30,8,6,0.9477813,732,1.0,0,0.0,0.7980617,0,0,28.766632,2,9.150208,1
org.apache.ivy.util.CopyProgressEvent,20,6,0,28,57,203,53,9,33,1.8525607,330,1.0,1,0.8187124,0.6108717,0,7,39.077583,3,0.428273,1
org.apache.ivy.ant.IvyFindRevision,6,1,0,17,60,192,0,4,18,0.939479,50,1.0,0,0.9650173,0.4961274,2,0,42.06332,3,2.596261,0
org.apache.ivy.core.publish.PublishEngineSettings,5,4,0,33,17,100,2,2,5,1.5876469,83,1.0,0,0.0,0.8211728,1,0,22.240544,2,0.958172,0
org.apache.ivy.core.deliver.DefaultPublishingDRResolver,20,2,0,5,22,21,1,4,15,1.3589339,172,1.0,1,0.0,0.1812187,2,0,8.735902,6,1.53988,0
org.apache.ivy.plugins.version.PatternVersionMatcher,18,2,1,16,27,29,4,10,16,1.2725595,155,1.0,1,0.0,0.3904194,2,0,8.542662,7,1.613465,3
org.apache.ivy.core.event.FilteredIvyListener,26,4,0,36,100,0,8,6,5,0.9988581,187,1.0,0,0.5156771,0.5186384,1,0,17.576363,3,1.125704,0
org.apache.ivy.util.Checks,15,2,0,15,36,105,91,16,2,1.128232,298,1.0,0,0.6541016,0.1049863,0,0,20.659785,6,2.257224,2
org.apache.ivy.core.deliver.PublishingDependencyRevisionResolver,15,1,0,9,8,2,3,3,2,0.4761335,431,1.0,0,0.0,0.3385633,0,0,43.485985,1,0.816521,0
org.apache.ivy.core.module.descriptor.DefaultIncludeRule,4,1,17,5,11,53,1,1,3,1.4597735,146,0.0,0,0.0,0.3334043,0,0,29.583129,2,0.575953,0
org.apache.ivy.plugins.version.ExactVersionMatcher,29,3,0,22,56,28,1,2,16,1.9860868,256,1.0,0,0.0,0.5041006,0,5,5.67085,15,1.47618,0
org.apache.ivy.ant.IvyAntSettings,55,2,0,15,31,75,25,17,2,0.7261944,958,0.0,0,0.0,0.3072605,0,0,23.39836,6,0.369254,1
org.apache.ivy.plugins.matcher.MapMatcher,1,5,0,6,41,120,2,2,21,1.3919454,451,1.0,3,0.0,0.748842,0,0,7.836884,2,1.597484,0
org.apache.ivy.core.resolve.ResolveOptions,4,1,0,81,8,84,6,3,4,0.5737728,156,1.0,0,0.9919136,0.2620877,1,0,22.319282,36,2.554243,0
org.apache.ivy.util.url.IvyAuthenticator,12,1,0,12,28,148,5,2,6,1.5138613,188,0.0,0,0.0,0.2971993,0,0,1.412311,2,1.175764,0
org.apache.ivy.core.event.download.DownloadEvent,6,2,1,11,14,13,3,8,2,1.1871335,298,1.0,0,0.0,0.6441939,0,0,1.508213,6,2.086063,0
org.apache.ivy.core.event.resolve.StartResolveDependencyEvent,17,3,0,30,28,87,17,9,3,1.4250633,143,1.0,0,0.6836179,0.391814,0,0,25.854673,4,0.889832,1
org.apache.ivy.core.cache.ParserSettingsMonitor,1,1,0,11,37,13,2,18,7,1.8780394,190,0.0,1,0.0,0.8968034,0,0,4.053384,2,0.76635,0
org.apache.ivy.core.resolve.ResolveEngineSettings,6,2,0,5,13,53,15,1,2,0.9715189,59,1.0,1,0.0,0.6882199,0,0,7.931737,5,1.065839,0
org.apache.ivy.core.repository.RepositoryManagementEngine,5,1,0,9,104,10,1,8,6,1.7569042,107,0.0,0,0.0,0.1166551,0,0,2.692543,3,0.471409,0
org.apache.ivy.plugins.latest.ComparatorLatestStrategy,6,3,0,6,6,59,2,5,11,1.3513718,354,1.0,1,0.0,0.872854,3,1,15.663097,3,1.056315,0
org.apache.ivy.ant.IvyExtractFromSources,3,2,0,20,27,3,2,4,24,0.1254429,223,1.0,0,0.0,0.5134858,4,2,67.003168,4,1.255381,0
org.apache.ivy.util.filter.AndFilter,8,2,0,13,20,19,4,22,3,0.1945654,159,0.0,2,0.949257,0.630953,0,0,12.671149,1,1.116583,0
org.apache.ivy.ant.IvyCleanCache,8,1,2,29,43,5,42,2,3,0.7074415,108,1.0,0,0.8201628,0.4607645,0,0,14.160261,2,0.546637,0
org.apache.ivy.core.event.resolve.EndResolveEvent,40,1,1,10,137,12,30,4,4,0.2779576,233,1.0,4,0.0,0.417117,1,0,25.044514,6,1.346909,1
org.apache.ivy.core.sort.SilentNonMatchingVersionReporter,20,1,2,61,163,255,33,5,4,1.1041917,515,0.0,0,0.0,0.5146281,0,0,29.092525,5,0.508811,2
org.apache.ivy.util.EncrytedProperties,19,1,0,9,17,28,3,1,5,1.6631998,351,0.0,1,0.9510303,0.7359089,0,0,34.701597,4,0.494155,0
org.apache.ivy.util.filter.ArtifactTypeFilter,8,1,0,10,137,15,12,1,4,0.1667662,145,0.0,2,0.0,0.4356634,0,3,5.983596,1,0.927822,0
org.apache.ivy.core.cache.ModuleDescriptorWriter,6,2,1,13,24,67,6,6,23,0.8601977,355,1.0,5,0.0,0.6826973,1,0,3.984499,11,0.247276,0
org.apache.ivy.ant.IvyArtifactProperty,29,1,2,17,65,1088,1,0,3,0.9468601,790,1.0,3,0.7205774,0.4285119,0,0,9.697155,1,1.624916,0
org.apache.ivy.plugins.circular.CircularDependencyException,10,3,2,3,14,7,0,9,19,1.3379739,198,0.0,6,0.0,0.507042,0,0,32.060165,2,0.362173,0
org.apache.ivy.core.report.MetadataArtifactDownloadReport,10,4,2,6,51,83,4,12,10,0.8038209,226,1.0,2,0.0,0.2681881,0,0,4.429306,1,0.989169,0
org.apache.ivy.plugins.matcher.RegexpPatternMatcher,16,1,2,32,28,3320,2,5,9,1.4991495,84,0.0,0,0.0,0.7982595,0,0,6.97452,4,2.108029,0
org.apache.ivy.plugins.report.XmlReportOutputter,9,2,0,27,54,41,11,7,3,0.7607838,345,0.0,3,0.0,0.8383689,0,0,15.649071,7,0.740576,0
org.apache.ivy.plugins.repository.sftp.SFTPRepository,21,1,0,6,33,99,68,14,3,1.7442654,909,1.0,0,0.0,0.823291,0,3,30.553398,2,0.823543,1
org.apache.ivy.plugins.report.XmlReportWriter,13,1,0,3,83,41,26,14,12,1.4148515,102,1.0,0,0.4508371,0.6184321,0,0,25.33612,1,1.020125,0
org.apache.ivy.core.cache.DefaultRepositoryCacheManager,14,2,0,34,26,5,4,2,3,1.5460347,156,1.0,1,0.0,0.3611587,0,0,6.656013,10,1.107176,0
org.apache.ivy.Main,16,1,5,5,20,7,7,3,10,0.3295108,263,1.0,2,0.0,0.3728752,0,0,7.280826,0,0.434418,0
org.apache.ivy.plugins.repository.ssh.SshCache,2,1,0,5,17,19,11,8,9,0.6757695,235,0.0,2,0.0,0.4361473,0,0,41.2609,3,0.86011,0
org.apache.ivy.core.event.IvyListener,9,3,1,17,6,134,7,2,6,1.946383,689,0.0,4,0.0,0.4910907,0,0,6.68831,4,0.312278,0
org.apache.ivy.core.resolve.IvyNode,11,1,0,2,20,8,2,3,22,1.5546033,209,0.0,0,0.0,0.1780673,0,0,9.354305,1,0.269605,0
org.apache.ivy.plugins.latest.ArtifactInfo,10,2,1,22,22,1,4,6,7,0.2205741,83,1.0,2,0.0,0.226249,0,2,23.038551,2,0.565834,0
org.apache.ivy.util.ContextualSAXHandler,24,1,1,14,48,11,1,20,4,0.2357755,121,1.0,3,0.7343823,0.747598,0,0,17.158734,2,2.46188,0
org.apache.ivy.core.IvyThread,26,2,0,20,85,12,5,8,4,1.7575382,112,0.0,0,0.9184265,0.4457952,0,0,7.531638,2,2.302086,0
org.apache.ivy.ant.AntBuildTrigger,23,4,0,11,37,36,6,2,3,1.3692337,157,0.0,2,0.4716714,0.2531022,0,4,6.311697,5,2.037165,0
org.apache.ivy.plugins.conflict.ConflictManager,47,1,0,58,73,108,10,8,6,1.983762,521,1.0,1,0.9441354,0.8482724,0,0,28.212902,6,0.62663,1
org.apache.ivy.plugins.resolver.util.MDResolvedResource,4,1,0,3,24,17,3,8,22,1.6963016,2018,1.0,0,0.8528254,0.8307421,0,0,40.148768,3,2.112494,0
org.apache.ivy.plugins.resolver.packager.PackagerResolver,34,1,0,4,37,134,33,1,30,0.7940572,446,1.0,1,0.0,0.7665814,0,0,4.675188,0,0.850099,0
org.apache.ivy.core.event.retrieve.RetrieveEvent,8,1,0,25,55,8,5,2,5,0.8214059,41,0.0,5,0.0,0.5862025,0,0,15.172918,2,3.195944,0
org.apache.ivy.plugins.parser.m2.PomModuleDescriptorBuilder,41,1,3,12,92,40,10,6,7,0.4916302,421,1.0,1,0.6988548,0.8399201,0,5,17.872798,4,0.864943,1
org.apache.ivy.core.module.id.ModuleRules,30,1,0,7,4,5,23,0,2,1.4057921,91,1.0,0,0.0,0.4640437,0,4,7.306125,1,1.232388,0
org.apache.ivy.core.event.resolve.ResolveDependencyEvent,39,2,0,56,46,5,7,1,3,1.3575224,58,1.0,0,0.0,0.7712381,1,1,12.715731,2,1.075924,0
org.apache.ivy.core.module.descriptor.MDArtifact,4,1,0,16,33,603,4,8,1,1.9231974,158,1.0,0,0.0,0.5243109,0,0,21.746986,7,0.420605,1
org.apache.ivy.core.LogOptions,9,1,0,11,25,11,4,2,1,1.8960808,136,0.0,0,0.8182942,0.4548394,0,0,24.597825,1,0.359634,0
org.apache.ivy.plugins.repository.ssh.RemoteScpException,7,1,1,6,12,113,35,13,1,0.6342689,245,1.0,0,0.0,0.353061,0,0,3.57974,3,0.606166,0
org.apache.ivy.plugins.lock.NoLockStrategy,8,1,0,12,9,81,19,33,20,1.4412092,307,0.0,0,0.0,0.2948833,0,4,6.852044,3,1.371387,0
org.apache.ivy.plugins.lock.LockStrategy,19,1,0,11,95,18,7,6,2,1.7696672,543,1.0,0,0.0,0.7707274,0,6,28.449237,3,1.644439,1
org.apache.ivy.plugins.conflict.NoConflictManager,6,3,0,26,18,147,3,1,1,1.6587832,221,0.0,0,0.0,0.9965375,0,0,20.762479,1,0.863153,0
org.apache.ivy.tools.analyser.RepositoryAnalyser,3,2,0,20,12,13,3,2,3,0.5930786,113,1.0,0,1.0,0.6309973,0,0,25.735849,2,0.971111,0
org.apache.ivy.tools.analyser.JarJarDependencyAnalyser,4,1,0,16,32,79,0,6,7,1.0928417,86,0.0,0,0.9887682,0.3999376,0,0,14.716301,1,0.260473,0
org.apache.ivy.plugins.resolver.util.ApacheHttpURLLister,5,4,0,15,30,245,2,2,11,0.5196398,356,1.0,0,0.0,0.3264631,0,1,5.108896,1,0.824432,0
org.apache.ivy.core.resolve.ResolveEngine,14,1,0,167,43,11,1,3,12,1.9118199,53,0.0,0,0.0,0.2255933,0,0,44.350253,1,0.153394,0
org.apache.ivy.plugins.latest.LatestTimeStrategy,17,1,0,17,70,109,13,9,12,1.0392104,313,1.0,0,0.0,0.593838,0,0,18.444863,2,1.167684,2
org.apache.ivy.core.repository.RepositoryManagementEngineSettings,10,2,0,27,65,49,4,20,6,1.3075793,202,1.0,0,0.5300866,0.6919482,0,0,117.96313,6,0.428823,1
org.apache.ivy.core.settings.XmlSettingsParser,12,1,0,6,31,21,4,3,18,1.478752,267,0.0,4,0.0,0.203023,0,3,19.409939,4,0.763901,0
org.apache.ivy.plugins.lock.ArtifactLockStrategy,17,3,0,21,37,141,3,15,4,1.7509009,286,0.0,2,0.7070554,0.5132492,0,1,7.609058,4,0.785129,0
org.apache.ivy.core.cache.DownloadListener,8,1,0,6,39,139,2,2,24,1.7536296,249,1.0,1,0.2707809,0.7512529,0,0,20.371123,2,0.899498,0
org.apache.ivy.plugins.parser.AbstractModuleDescriptorParser,17,1,0,31,23,14,1,20,1,1.8838657,450,1.0,0,0.0,0.8794785,0,0,91.638325,2,0.347437,1
org.apache.ivy.core.search.SearchEngine,44,1,0,22,33,102,16,9,10,0.3784027,956,0.0,0,0.0,0.2337752,0,0,4.666095,5,1.110244,1
org.apache.ivy.plugins.report.LogReportOutputter,51,2,1,41,123,57,33,18,16,1.7885147,446,1.0,0,0.0,0.4283476,0,0,26.28693,14,0.629605,1
org.apache.ivy.plugins.lock.FileBasedLockStrategy,9,1,0,19,32,112,1,12,5,1.9590377,100,1.0,0,0.0,0.4809885,0,1,19.081523,1,1.292487,0
org.apache.ivy.plugins.repository.ssh.SshResource,9,2,3,26,48,30,45,4,43,1.3644396,184,1.0,4,0.0,0.9117819,0,0,27.388532,1,0.499915,0
org.apache.ivy.util.XMLHelper,9,2,0,4,77,51,0,2,8,1.5323951,338,0.0,0,0.0,0.7517051,1,0,1.188797,3,2.595482,0
org.apache.ivy.ant.IvyVar,27,3,3,4,68,23,7,9,2,1.0424557,138,1.0,2,0.0,0.6822701,0,0,2.16972,8,0.749896,0
org.apache.ivy.core.publish.PublishEngine,34,2,0,6,27,5,7,0,21,1.94378,230,0.0,0,0.5415742,0.7626304,0,0,19.652973,1,1.014065,0
org.apache.ivy.core.cache.CacheUtil,4,1,2,8,15,11,3,14,6,1.9689203,386,1.0,3,0.4034791,0.7028871,0,0,9.282163,4,0.979285,0
org.apache.ivy.util.Credentials,93,2,0,24,30,160,13,1,6,1.1657383,342,0.0,0,1.0,0.1687928,0,0,14.566595,8,1.271029,1
org.apache.ivy.plugins.repository.sftp.SFTPResource,2,2,0,9,28,32,1,14,5,0.805829,227,1.0,3,0.0,0.6049104,1,0,63.751265,2,1.764825,0
org.apache.ivy.ant.IvyBuildList,3,4,1,47,23,12,16,2,7,1.8450216,84,0.0,2,0.0,0.6976303,2,0,23.072638,3,0.285457,0
org.apache.ivy.core.module.descriptor.AbstractIncludeExcludeRule,8,1,0,31,132,82,10,1,11,1.2240737,313,1.0,0,0.83015,0.5319073,0,0,14.361885,1,0.567169,0
org.apache.ivy.util.url.HttpClientHandler,10,1,0,41,33,7,16,1,9,0.6013438,428,0.0,0,0.7335959,0.6425526,0,0,28.974024,1,1.75512,0
org.apache.ivy.Ivy,11,1,0,7,64,32,1,2,3,0.5960004,115,1.0,0,0.7678361,0.480464,0,0,4.986315,2,0.863832,0
org.apache.ivy.ant.AntMessageLogger,34,2,3,6,30,3,1,6,6,0.4815174,38,1.0,1,0.0,0.5648884,3,0,11.802165,1,0.900806,0
org.apache.ivy.core.report.ArtifactDownloadReport,7,4,1,36,47,137,2,4,8,0.2681008,361,1.0,0,0.6537967,0.462511,0,0,15.15089,2,1.835599,1
org.apache.ivy.plugins.namespace.NamespaceTransformer,30,1,17,23,63,65,5,14,11,0.9340954,726,1.0,2,0.0,0.3673199,0,0,37.888016,3,0.873153,3
org.apache.ivy.core.report.ConfigurationResolveReport,21,1,0,3,47,68,2,8,19,1.4258757,209,1.0,3,0.0,0.6647842,0,0,3.158043,2,0.781758,0
org.apache.ivy.plugins.resolver.AbstractResolver,5,1,0,5,18,392,20,4,3,0.6532293,209,1.0,0,0.3729558,0.4033532,0,1,5.23788,1,3.30263,0
org.apache.ivy.plugins.version.LatestVersionMatcher,33,2,1,7,13,31,8,3,2,1.4549368,119,1.0,1,0.0,0.5886648,2,3,10.680066,5,3.566953,0
org.apache.ivy.tools.analyser.JarModule,5,1,0,16,40,225,6,17,2,1.9186471,365,1.0,0,0.0,0.4472972,0,0,1.575782,3,1.293727,0
org.apache.ivy.plugins.matcher.ExactPatternMatcher,5,1,0,11,11,304,5,1,3,0.4337559,223,1.0,1,0.0,0.2839211,0,0,22.523497,5,1.381191,0
org.apache.ivy.ant.IvyConfigure,19,1,0,12,41,82,14,3,3,1.3942224,221,0.0,4,0.0,0.2917313,0,0,34.347668,6,0.318544,1
org.apache.ivy.core.sort.NonMatchingVersionReporter,5,1,0,15,14,384,48,2,5,0.8419243,74,0.0,0,0.9509144,0.4470641,0,0,16.5679,1,0.370453,0
org.apache.ivy.core.module.descriptor.DefaultDependencyDescriptor,33,1,0,42,100,1704,20,15,9,1.5793145,370,0.0,2,0.7941196,0.8625976,0,0,48.246298,8,1.333484,1
org.apache.ivy.plugins.conflict.AbstractConflictManager,21,2,0,21,73,89,25,9,3,1.4167396,294,0.0,0,0.0,0.8301852,0,0,23.663771,4,2.425412,1
org.apache.ivy.plugins.latest.LatestStrategy,13,6,0,18,21,647,9,1,7,1.2052093,44,1.0,0,0.0,0.7524184,0,3,35.743962,1,0.462542,0
org.apache.ivy.core.module.id.ArtifactId,4,2,2,19,16,5,2,7,1,0.5777027,414,1.0,0,0.0,0.7882149,1,2,7.300496,5,1.291231,0
org.apache.ivy.plugins.repository.Repository,7,1,0,10,15,26,49,7,16,1.2429383,180,1.0,0,0.0,0.5436619,0,1,13.041426,4,1.497155,0
org.apache.ivy.ant.IvyPublish,19,1,0,19,30,25,6,2,41,1.4029327,428,1.0,0,0.0,0.7406043,0,0,12.735967,2,0.78715,0
org.apache.ivy.plugins.parser.xml.XmlModuleDescriptorUpdater,13,1,0,23,44,56,29,9,5,1.5578215,463,1.0,1,0.8406392,0.1463522,2,0,29.994175,15,1.345283,1
